INSERT INTO `produk` (`id`, `namaProduk`) VALUES
(1, 'Espresso'),
(2, 'Long Black'),
(3, 'Americano'),
(4, 'Cappuchino'),
(5, 'Latte');

INSERT INTO `detail_produk` (`id`, `idProduk`, `idKategori`, `type_id`, `jumlahStok`, `created_at`, `updated_at`) VALUES
(1, 1, 1, 2, 25, '2021-01-07 06:10:25', '2021-01-07 06:10:25'),
(2, 2, 1, 2, 12, '2021-01-07 06:10:25', '2021-01-07 06:10:25'),
(3, 3, 1, 2, 30, '2021-01-07 06:10:25', '2021-01-07 06:10:25'),
(4, 4, 1, 2, 20, '2021-01-07 06:10:25', '2021-01-07 06:10:25'),
(5, 5, 1, 2, 15, '2021-01-07 06:10:25', '2021-01-07 06:10:25'),
(6, 1, 2, 2, 20, '2021-01-07 06:10:25', '2021-01-07 06:10:25'),
(7, 2, 2, 2, 10, '2021-01-07 06:10:25', '2021-01-07 06:10:25'),
(8, 3, 2, 2, 25, '2021-01-07 06:10:26', '2021-01-07 06:10:26'),
(9, 4, 2, 2, 5, '2021-01-07 06:10:26', '2021-01-07 06:10:26'),
(10, 5, 2, 2, 50, '2021-01-07 06:10:26', '2021-01-07 06:10:26'),
(11, 6, 1, 2, 12, '2021-01-07 07:26:07', '2021-01-07 07:26:07'),
(12, 6, 2, 2, 13, '2021-01-07 07:26:07', '2021-01-07 07:26:07'),
(13, 6, 1, 2, 3, '2021-01-07 07:26:52', '2021-01-07 07:26:52'),
(14, 6, 2, 2, 3, '2021-01-07 07:27:48', '2021-01-07 07:27:48'),
(15, 1, 1, 2, 25, '2021-01-07 06:10:25', '2021-01-07 06:10:25'),
(16, 2, 1, 2, 12, '2021-02-07 06:10:25', '2021-02-07 06:10:25'),
(17, 3, 1, 2, 30, '2021-02-07 06:10:25', '2021-02-07 06:10:25'),
(18, 4, 1, 2, 20, '2021-02-07 06:10:25', '2021-02-07 06:10:25'),
(19, 5, 1, 2, 15, '2021-02-07 06:10:25', '2021-02-07 06:10:25'),
(20, 1, 2, 2, 20, '2021-02-07 06:10:25', '2021-02-07 06:10:25'),
(21, 2, 2, 2, 10, '2021-02-07 06:10:25', '2021-02-07 06:10:25'),
(22, 3, 2, 2, 25, '2021-02-07 06:10:26', '2021-02-07 06:10:26'),
(23, 4, 2, 2, 5, '2021-02-07 06:10:26', '2021-02-07 06:10:26'),
(24, 5, 2, 2, 50, '2021-02-07 06:10:26', '2021-02-07 06:10:26'),
(25, 6, 1, 2, 12, '2021-02-07 07:26:07', '2021-02-07 07:26:07'),
(26, 6, 2, 2, 13, '2021-02-07 07:26:07', '2021-02-07 07:26:07'),
(27, 6, 1, 2, 3, '2021-02-07 07:26:52', '2021-02-07 07:26:52'),
(28, 6, 2, 2, 3, '2021-02-07 07:27:48', '2021-02-07 07:27:48'),
(29, 1, 1, 2, 25, '2021-02-07 06:10:25', '2021-02-07 06:10:25'),
(30, 2, 1, 2, 12, '2021-03-07 06:10:25', '2021-03-07 06:10:25'),
(31, 3, 1, 2, 30, '2021-03-07 06:10:25', '2021-03-07 06:10:25'),
(32, 4, 1, 2, 20, '2021-03-07 06:10:25', '2021-03-07 06:10:25'),
(33, 5, 1, 2, 15, '2021-03-07 06:10:25', '2021-03-07 06:10:25'),
(34, 1, 2, 2, 20, '2021-03-07 06:10:25', '2021-03-07 06:10:25'),
(35, 2, 2, 2, 10, '2021-03-07 06:10:25', '2021-03-07 06:10:25'),
(36, 3, 2, 2, 25, '2021-03-07 06:10:26', '2021-03-07 06:10:26'),
(37, 4, 2, 2, 5, '2021-03-07 06:10:26', '2021-03-07 06:10:26'),
(38, 5, 2, 2, 50, '2021-03-07 06:10:26', '2021-03-07 06:10:26'),
(39, 6, 1, 2, 12, '2021-03-07 07:26:07', '2021-03-07 07:26:07'),
(40, 6, 2, 2, 13, '2021-03-07 07:26:07', '2021-03-07 07:26:07'),
(41, 6, 1, 2, 3, '2021-03-07 07:26:52', '2021-03-07 07:26:52'),
(42, 6, 2, 2, 3, '2021-03-07 07:27:48', '2021-03-07 07:27:48'),
(43, 1, 1, 2, 25, '2021-03-07 06:10:25', '2021-03-07 06:10:25'),
(44, 2, 1, 2, 12, '2021-04-07 06:10:25', '2021-04-07 06:10:25'),
(45, 3, 1, 2, 30, '2021-04-07 06:10:25', '2021-04-07 06:10:25'),
(46, 4, 1, 2, 20, '2021-04-07 06:10:25', '2021-04-07 06:10:25'),
(47, 5, 1, 2, 15, '2021-04-07 06:10:25', '2021-04-07 06:10:25'),
(48, 1, 2, 2, 20, '2021-04-07 06:10:25', '2021-04-07 06:10:25'),
(49, 2, 2, 2, 10, '2021-04-07 06:10:25', '2021-04-07 06:10:25'),
(50, 3, 2, 2, 25, '2021-04-07 06:10:26', '2021-04-07 06:10:26'),
(51, 4, 2, 2, 50, '2021-04-07 06:10:26', '2021-04-07 06:10:26'),
(52, 5, 2, 2, 50, '2021-04-07 06:10:26', '2021-04-07 06:10:26'),
(53, 6, 1, 2, 12, '2021-04-07 07:26:07', '2021-04-07 07:26:07'),
(54, 6, 2, 2, 13, '2021-04-07 07:26:07', '2021-04-07 07:26:07'),
(55, 6, 1, 2, 39, '2021-04-07 07:26:52', '2021-04-07 07:26:52'),
(56, 6, 2, 2, 30, '2021-04-07 07:27:48', '2021-04-07 07:27:48'),
(57, 1, 1, 2, 55, '2021-04-07 06:10:25', '2021-04-07 06:10:25'),
(58, 2, 1, 2, 12, '2021-05-07 06:10:25', '2021-05-07 06:10:25'),
(59, 3, 1, 2, 30, '2021-05-07 06:10:25', '2021-05-07 06:10:25'),
(60, 4, 1, 2, 20, '2021-05-07 06:10:25', '2021-05-07 06:10:25'),
(61, 5, 1, 2, 15, '2021-05-07 06:10:25', '2021-05-07 06:10:25'),
(62, 1, 2, 2, 20, '2021-05-07 06:10:25', '2021-05-07 06:10:25'),
(63, 2, 2, 2, 10, '2021-05-07 06:10:25', '2021-05-07 06:10:25'),
(64, 3, 2, 2, 25, '2021-05-07 06:10:26', '2021-05-07 06:10:26'),
(65, 4, 2, 2, 5, '2021-05-07 06:10:26', '2021-05-07 06:10:26'),
(66, 5, 2, 2, 50, '2021-05-07 06:10:26', '2021-05-07 06:10:26'),
(67, 6, 1, 2, 12, '2021-05-07 07:26:07', '2021-05-07 07:26:07'),
(68, 6, 2, 2, 13, '2021-05-07 07:26:07', '2021-05-07 07:26:07'),
(69, 6, 1, 2, 3, '2021-05-07 07:26:52', '2021-05-07 07:26:52'),
(70, 6, 2, 2, 3, '2021-05-07 07:27:48', '2021-05-07 07:27:48'),
(71, 1, 1, 2, 25, '2021-05-07 06:10:25', '2021-05-07 06:10:25'),
(72, 2, 1, 2, 12, '2021-06-07 06:10:25', '2021-06-07 06:10:25'),
(73, 3, 1, 2, 30, '2021-06-07 06:10:25', '2021-06-07 06:10:25'),
(74, 4, 1, 2, 20, '2021-06-07 06:10:25', '2021-06-07 06:10:25'),
(75, 5, 1, 2, 15, '2021-06-07 06:10:25', '2021-06-07 06:10:25'),
(76, 1, 2, 2, 20, '2021-06-07 06:10:25', '2021-06-07 06:10:25'),
(77, 2, 2, 2, 10, '2021-06-07 06:10:25', '2021-06-07 06:10:25'),
(78, 3, 2, 2, 25, '2021-06-07 06:10:26', '2021-06-07 06:10:26'),
(79, 4, 2, 2, 5, '2021-06-07 06:10:26', '2021-06-07 06:10:26'),
(80, 5, 2, 2, 50, '2021-06-07 06:10:26', '2021-06-07 06:10:26'),
(81, 6, 1, 2, 12, '2021-06-07 07:26:07', '2021-06-07 07:26:07'),
(82, 6, 2, 2, 13, '2021-06-07 07:26:07', '2021-06-07 07:26:07'),
(83, 6, 1, 2, 3, '2021-06-07 07:26:52', '2021-06-07 07:26:52'),
(84, 6, 2, 2, 3, '2021-06-07 07:27:48', '2021-06-07 07:27:48'),
(85, 1, 1, 2, 5, '2021-06-07 06:10:25', '2021-06-07 06:10:25'),
(86, 2, 1, 2, 52, '2021-07-07 06:10:25', '2021-07-07 06:10:25'),
(87, 3, 1, 2, 30, '2021-07-07 06:10:25', '2021-07-07 06:10:25'),
(88, 4, 1, 2, 40, '2021-07-07 06:10:25', '2021-07-07 06:10:25'),
(89, 5, 1, 2, 20, '2021-07-07 06:10:25', '2021-07-07 06:10:25'),
(90, 1, 2, 2, 20, '2021-07-07 06:10:25', '2021-07-07 06:10:25'),
(91, 2, 2, 2, 19, '2021-07-07 06:10:25', '2021-07-07 06:10:25'),
(92, 3, 2, 2, 25, '2021-07-07 06:10:26', '2021-07-07 06:10:26'),
(93, 4, 2, 2, 50, '2021-07-07 06:10:26', '2021-07-07 06:10:26'),
(94, 5, 2, 2, 50, '2021-07-07 06:10:26', '2021-07-07 06:10:26'),
(95, 6, 1, 2, 12, '2021-07-07 07:26:07', '2021-07-07 07:26:07'),
(96, 6, 2, 2, 13, '2021-07-07 07:26:07', '2021-07-07 07:26:07'),
(97, 6, 1, 2, 3, '2021-07-07 07:26:52', '2021-07-07 07:26:52'),
(98, 6, 2, 2, 3, '2021-07-07 07:27:48', '2021-07-07 07:27:48'),
(99, 1, 1, 2, 25, '2021-07-07 06:10:25', '2021-07-07 06:10:25'),
(100, 2, 1, 2, 12, '2021-08-07 06:10:25', '2021-08-07 06:10:25'),
(101, 3, 1, 2, 30, '2021-08-07 06:10:25', '2021-08-07 06:10:25'),
(102, 4, 1, 2, 20, '2021-08-07 06:10:25', '2021-08-07 06:10:25'),
(103, 5, 1, 2, 15, '2021-08-07 06:10:25', '2021-08-07 06:10:25'),
(104, 1, 2, 2, 50, '2021-08-07 06:10:25', '2021-08-07 06:10:25'),
(105, 2, 2, 2, 10, '2021-08-07 06:10:25', '2021-08-07 06:10:25'),
(106, 3, 2, 2, 25, '2021-08-07 06:10:26', '2021-08-07 06:10:26'),
(107, 4, 2, 2, 5, '2021-08-07 06:10:26', '2021-08-07 06:10:26'),
(108, 5, 2, 2, 50, '2021-08-07 06:10:26', '2021-08-07 06:10:26'),
(109, 6, 1, 2, 12, '2021-08-07 07:26:07', '2021-08-07 07:26:07'),
(110, 6, 2, 2, 13, '2021-08-07 07:26:07', '2021-08-07 07:26:07'),
(112, 6, 1, 2, 3, '2021-08-07 07:26:52', '2021-08-07 07:26:52'),
(113, 6, 2, 2, 3, '2021-08-07 07:27:48', '2021-08-07 07:27:48'),
(114, 1, 1, 2, 25, '2021-08-07 06:10:25', '2021-08-07 06:10:25'),
(115, 2, 1, 2, 25, '2021-09-07 06:10:25', '2021-09-07 06:10:25'),
(116, 3, 1, 2, 30, '2021-09-07 06:10:25', '2021-09-07 06:10:25'),
(117, 4, 1, 2, 20, '2021-09-07 06:10:25', '2021-09-07 06:10:25'),
(118, 5, 1, 2, 15, '2021-09-07 06:10:25', '2021-09-07 06:10:25'),
(119, 1, 2, 2, 20, '2021-09-07 06:10:25', '2021-09-07 06:10:25'),
(120, 2, 2, 2, 50, '2021-09-07 06:10:25', '2021-09-07 06:10:25'),
(121, 3, 2, 2, 25, '2021-09-07 06:10:26', '2021-09-07 06:10:26'),
(122, 4, 2, 2, 53, '2021-09-07 06:10:26', '2021-09-07 06:10:26'),
(123, 5, 2, 2, 50, '2021-09-07 06:10:26', '2021-09-07 06:10:26'),
(124, 6, 1, 2, 12, '2021-09-07 07:26:07', '2021-09-07 07:26:07'),
(125, 6, 2, 2, 13, '2021-09-07 07:26:07', '2021-09-07 07:26:07'),
(126, 6, 1, 2, 32, '2021-09-07 07:26:52', '2021-09-07 07:26:52'),
(127, 6, 2, 2, 25, '2021-09-07 07:27:48', '2021-09-07 07:27:48'),
(128, 1, 1, 2, 25, '2021-09-07 06:10:25', '2021-09-07 06:10:25'),
(129, 2, 1, 2, 12, '2021-10-07 06:10:25', '2021-10-07 06:10:25'),
(130, 3, 1, 2, 30, '2021-10-07 06:10:25', '2021-10-07 06:10:25'),
(131, 4, 1, 2, 20, '2021-10-07 06:10:25', '2021-10-07 06:10:25'),
(132, 5, 1, 2, 15, '2021-10-07 06:10:25', '2021-10-07 06:10:25'),
(133, 1, 2, 2, 20, '2021-10-07 06:10:25', '2021-10-07 06:10:25'),
(134, 2, 2, 2, 10, '2021-10-07 06:10:25', '2021-10-07 06:10:25'),
(135, 3, 2, 2, 25, '2021-10-07 06:10:26', '2021-10-07 06:10:26'),
(136, 4, 2, 2, 5, '2021-10-07 06:10:26', '2021-10-07 06:10:26'),
(137, 5, 2, 2, 50, '2021-10-07 06:10:26', '2021-10-07 06:10:26'),
(138, 6, 1, 2, 12, '2021-10-07 07:26:07', '2021-10-07 07:26:07'),
(139, 6, 2, 2, 13, '2021-10-07 07:26:07', '2021-10-07 07:26:07'),
(140, 6, 1, 2, 3, '2021-10-07 07:26:52', '2021-10-07 07:26:52'),
(141, 6, 2, 2, 3, '2021-10-07 07:27:48', '2021-10-07 07:27:48'),
(142, 1, 1, 2, 25, '2021-10-07 06:10:25', '2021-10-07 06:10:25'),
(143, 2, 1, 2, 12, '2021-10-07 06:10:25', '2021-10-07 06:10:25'),
(144, 3, 1, 2, 30, '2021-10-07 06:10:25', '2021-10-07 06:10:25'),
(145, 4, 1, 2, 20, '2021-11-07 06:10:25', '2021-11-07 06:10:25'),
(146, 5, 1, 2, 15, '2021-11-07 06:10:25', '2021-11-07 06:10:25'),
(147, 1, 2, 2, 20, '2021-11-07 06:10:25', '2021-11-07 06:10:25'),
(148, 2, 2, 2, 10, '2021-11-07 06:10:25', '2021-11-07 06:10:25'),
(149, 3, 2, 2, 25, '2021-11-07 06:10:26', '2021-11-07 06:10:26'),
(150, 4, 2, 2, 5, '2021-11-07 06:10:26', '2021-11-07 06:10:26'),
(151, 5, 2, 2, 50, '2021-11-07 06:10:26', '2021-11-07 06:10:26'),
(152, 6, 1, 2, 12, '2021-11-07 07:26:07', '2021-11-07 07:26:07'),
(153, 6, 2, 2, 13, '2021-11-07 07:26:07', '2021-11-07 07:26:07'),
(154, 6, 1, 2, 3, '2021-11-07 07:26:52', '2021-11-07 07:26:52'),
(155, 6, 2, 2, 3, '2021-11-07 07:27:48', '2021-11-07 07:27:48'),
(156, 1, 1, 2, 25, '2021-11-07 06:10:25', '2021-11-07 06:10:25'),
(157, 2, 1, 2, 12, '2021-11-07 06:10:25', '2021-11-07 06:10:25'),
(158, 3, 1, 2, 30, '2021-11-07 06:10:25', '2021-11-07 06:10:25'),
(159, 4, 1, 2, 20, '2021-11-07 06:10:25', '2021-11-07 06:10:25'),
(160, 5, 1, 2, 15, '2021-11-07 06:10:25', '2021-11-07 06:10:25'),
(161, 1, 2, 2, 20, '2021-11-07 06:10:25', '2021-11-07 06:10:25'),
(162, 2, 2, 2, 10, '2021-11-07 06:10:25', '2021-11-07 06:10:25'),
(163, 3, 2, 2, 25, '2021-11-07 06:10:26', '2021-11-07 06:10:26'),
(164, 4, 2, 2, 5, '2021-11-07 06:10:26', '2021-11-07 06:10:26'),
(165, 5, 2, 2, 50, '2021-11-07 06:10:26', '2021-11-07 06:10:26'),
(166, 6, 1, 2, 12, '2021-11-07 07:26:07', '2021-11-07 07:26:07'),
(167, 6, 2, 2, 13, '2021-12-07 07:26:07', '2021-12-07 07:26:07'),
(168, 6, 1, 2, 3, '2021-12-07 07:26:52', '2021-12-07 07:26:52'),
(169, 6, 2, 2, 3, '2021-12-07 07:27:48', '2021-12-07 07:27:48'),
(170, 1, 1, 2, 25, '2021-12-07 06:10:25', '2021-12-07 06:10:25'),
(171, 2, 1, 2, 12, '2021-12-07 06:10:25', '2021-12-07 06:10:25'),
(172, 3, 1, 2, 30, '2021-12-07 06:10:25', '2021-12-07 06:10:25'),
(173, 4, 1, 2, 20, '2021-12-07 06:10:25', '2021-12-07 06:10:25'),
(174, 5, 1, 2, 15, '2021-12-07 06:10:25', '2021-12-07 06:10:25'),
(175, 1, 2, 2, 20, '2021-12-07 06:10:25', '2021-12-07 06:10:25'),
(176, 2, 2, 2, 10, '2021-12-07 06:10:25', '2021-12-07 06:10:25'),
(177, 3, 2, 2, 25, '2021-12-07 06:10:26', '2021-12-07 06:10:26'),
(178, 4, 2, 2, 5, '2021-12-07 06:10:26', '2021-12-07 06:10:26'),
(179, 5, 2, 2, 50, '2021-12-07 06:10:26', '2021-12-07 06:10:26'),
(180, 6, 1, 2, 12, '2021-12-07 07:26:07', '2021-12-07 07:26:07'),
(181, 6, 2, 2, 13, '2021-12-07 07:26:07', '2021-12-07 07:26:07'),
(182, 6, 1, 2, 3, '2021-12-07 07:26:52', '2021-12-07 07:26:52'),
(183, 6, 2, 2, 3, '2021-12-07 07:27:48', '2021-12-07 07:27:48'),
(184, 1, 1, 2, 25, '2021-12-07 06:10:25', '2021-12-07 06:10:25'),
(185, 2, 1, 2, 12, '2021-12-07 06:10:25', '2021-12-07 06:10:25'),
(186, 3, 1, 2, 30, '2021-12-07 06:10:25', '2021-12-07 06:10:25'),
(187, 4, 1, 2, 20, '2021-12-07 06:10:25', '2021-12-07 06:10:25'),
(189, 5, 1, 2, 15, '2021-12-07 06:10:25', '2021-12-07 06:10:25'),
(190, 1, 2, 2, -29, '2021-01-07 06:10:25', '2021-01-07 06:10:25'),
(191, 2, 2, 2, -11, '2021-01-07 06:10:25', '2021-01-07 06:10:25'),
(192, 3, 2, 2, -28, '2021-01-07 06:10:26', '2021-01-07 06:10:26'),
(193, 4, 2, 2, -28, '2021-01-07 06:10:26', '2021-01-07 06:10:26'),
(194, 5, 2, 2, -23, '2021-01-07 06:10:26', '2021-01-07 06:10:26'),
(195, 6, 1, 2, -24, '2021-01-07 07:26:07', '2021-01-07 07:26:07'),
(196, 6, 2, 2, -33, '2021-01-07 07:26:07', '2021-01-07 07:26:07'),
(197, 6, 1, 2, -35, '2021-01-07 07:26:52', '2021-01-07 07:26:52'),
(198, 6, 2, 2, -36, '2021-01-07 07:27:48', '2021-01-07 07:27:48'),
(199, 1, 1, 2, -17, '2021-02-07 06:10:25', '2021-02-07 06:10:25'),
(200, 2, 1, 2, -22, '2021-02-07 06:10:25', '2021-02-07 06:10:25'),
(201, 3, 1, 2, -13, '2021-02-07 06:10:25', '2021-02-07 06:10:25'),
(202, 4, 1, 2, -12, '2021-02-07 06:10:25', '2021-02-07 06:10:25'),
(203, 5, 1, 2, -25, '2021-02-07 06:10:25', '2021-02-07 06:10:25'),
(204, 1, 2, 2, -32, '2021-02-07 06:10:25', '2021-02-07 06:10:25'),
(205, 2, 2, 2, -21, '2021-02-07 06:10:25', '2021-02-07 06:10:25'),
(206, 3, 2, 2, -35, '2021-02-07 06:10:26', '2021-02-07 06:10:26'),
(207, 4, 2, 2, -25, '2021-03-07 06:10:26', '2021-03-07 06:10:26'),
(208, 5, 2, 2, -15, '2021-03-07 06:10:26', '2021-03-07 06:10:26'),
(209, 6, 1, 2, -12, '2021-03-07 07:26:07', '2021-03-07 07:26:07'),
(210, 6, 2, 2, -13, '2021-03-07 07:26:07', '2021-03-07 07:26:07'),
(211, 6, 1, 2, -17, '2021-03-07 07:26:52', '2021-03-07 07:26:52'),
(212, 6, 2, 2, -3, '2021-03-07 07:27:48', '2021-03-07 07:27:48'),
(213, 1, 1, 2, -15, '2021-03-07 06:10:25', '2021-03-07 06:10:25'),
(214, 2, 1, 2, -22, '2021-03-07 06:10:25', '2021-03-07 06:10:25'),
(215, 3, 1, 2, -33, '2021-03-07 06:10:25', '2021-03-07 06:10:25'),
(216, 4, 1, 2, -22, '2021-03-07 06:10:25', '2021-03-07 06:10:25'),
(217, 5, 1, 2, -19, '2021-03-07 06:10:25', '2021-03-07 06:10:25'),
(218, 1, 2, 2, -13, '2021-03-07 06:10:25', '2021-03-07 06:10:25'),
(219, 2, 2, 2, -15, '2021-04-07 06:10:25', '2021-04-07 06:10:25'),
(220, 3, 2, 2, -9, '2021-04-07 06:10:26', '2021-04-07 06:10:26'),
(221, 4, 2, 2, -5, '2021-04-07 06:10:26', '2021-04-07 06:10:26'),
(222, 5, 2, 2, -21, '2021-04-07 06:10:26', '2021-04-07 06:10:26'),
(223, 6, 1, 2, -3, '2021-04-07 07:26:07', '2021-04-07 07:26:07'),
(224, 6, 2, 2, -32, '2021-04-07 07:26:07', '2021-04-07 07:26:07'),
(225, 6, 1, 2, -31, '2021-04-07 07:26:52', '2021-04-07 07:26:52'),
(226, 6, 2, 2, -2, '2021-04-07 07:27:48', '2021-04-07 07:27:48'),
(227, 1, 1, 2, -21, '2021-04-07 06:10:25', '2021-04-07 06:10:25'),
(228, 2, 1, 2, -22, '2021-04-07 06:10:25', '2021-04-07 06:10:25'),
(229, 3, 1, 2, -33, '2021-04-07 06:10:25', '2021-04-07 06:10:25'),
(230, 4, 1, 2, -24, '2021-05-07 06:10:25', '2021-05-07 06:10:25'),
(231, 5, 1, 2, -15, '2021-05-07 06:10:25', '2021-05-07 06:10:25'),
(232, 1, 2, 2, -26, '2021-05-07 06:10:25', '2021-05-07 06:10:25'),
(233, 2, 2, 2, -17, '2021-05-07 06:10:25', '2021-05-07 06:10:25'),
(234, 3, 2, 2, -15, '2021-05-07 06:10:26', '2021-05-07 06:10:26'),
(235, 4, 2, 2, -15, '2021-05-07 06:10:26', '2021-05-07 06:10:26'),
(236, 5, 2, 2, -19, '2021-05-07 06:10:26', '2021-05-07 06:10:26'),
(237, 6, 1, 2, -23, '2021-05-07 07:26:07', '2021-05-07 07:26:07'),
(238, 6, 2, 2, -32, '2021-06-07 07:26:07', '2021-06-07 07:26:07'),
(239, 6, 1, 2, -31, '2021-06-07 07:26:52', '2021-06-07 07:26:52'),
(240, 6, 2, 2, -32, '2021-06-07 07:27:48', '2021-06-07 07:27:48'),
(241, 1, 1, 2, -5, '2021-06-07 06:10:25', '2021-06-07 06:10:25'),
(242, 2, 1, 2, -2, '2021-06-07 06:10:25', '2021-06-07 06:10:25'),
(243, 3, 1, 2, -30, '2021-06-07 06:10:25', '2021-06-07 06:10:25'),
(244, 4, 1, 2, -21, '2021-06-07 06:10:25', '2021-06-07 06:10:25'),
(245, 5, 1, 2, -12, '2021-06-07 06:10:25', '2021-06-07 06:10:25'),
(246, 1, 2, 2, -22, '2021-06-07 06:10:25', '2021-06-07 06:10:25'),
(247, 2, 2, 2, -13, '2021-07-07 06:10:25', '2021-07-07 06:10:25'),
(248, 3, 2, 2, -24, '2021-07-07 06:10:26', '2021-07-07 06:10:26'),
(249, 4, 2, 2, -15, '2021-07-07 06:10:26', '2021-07-07 06:10:26'),
(250, 5, 2, 2, -22, '2021-07-07 06:10:26', '2021-07-07 06:10:26'),
(251, 6, 1, 2, -2, '2021-07-07 07:26:07', '2021-07-07 07:26:07'),
(252, 6, 2, 2, -16, '2021-07-07 07:26:07', '2021-07-07 07:26:07'),
(253, 6, 1, 2, -8, '2021-07-07 07:26:52', '2021-07-07 07:26:52'),
(254, 6, 2, 2, -3, '2021-07-07 07:27:48', '2021-07-07 07:27:48'),
(255, 1, 1, 2, -2, '2021-07-07 06:10:25', '2021-07-07 06:10:25'),
(256, 2, 1, 2, -2, '2021-07-07 06:10:25', '2021-07-07 06:10:25'),
(257, 3, 1, 2, -3, '2021-07-07 06:10:25', '2021-07-07 06:10:25'),
(258, 4, 1, 2, -22, '2021-07-07 06:10:25', '2021-07-07 06:10:25'),
(259, 5, 1, 2, -1, '2021-07-07 06:10:25', '2021-07-07 06:10:25'),
(260, 1, 2, 2, -2, '2021-07-07 06:10:25', '2021-07-07 06:10:25'),
(261, 2, 2, 2, -2, '2021-08-07 06:10:25', '2021-08-07 06:10:25'),
(262, 3, 2, 2, -2, '2021-08-07 06:10:26', '2021-08-07 06:10:26'),
(263, 4, 2, 2, -15, '2021-08-07 06:10:26', '2021-08-07 06:10:26'),
(264, 5, 2, 2, -21, '2021-08-07 06:10:26', '2021-08-07 06:10:26'),
(265, 6, 1, 2, -22, '2021-08-07 07:26:07', '2021-08-07 07:26:07'),
(266, 6, 2, 2, -3, '2021-08-07 07:26:07', '2021-08-07 07:26:07'),
(267, 6, 1, 2, -23, '2021-08-07 07:26:52', '2021-08-07 07:26:52'),
(268, 6, 2, 2, -23, '2021-09-07 07:27:48', '2021-09-07 07:27:48'),
(269, 1, 1, 2, -5, '2021-09-07 06:10:25', '2021-09-07 06:10:25'),
(270, 2, 1, 2, -13, '2021-09-07 06:10:25', '2021-09-07 06:10:25'),
(271, 3, 1, 2, -3, '2021-09-07 06:10:25', '2021-09-07 06:10:25'),
(272, 4, 1, 2, -23, '2021-09-07 06:10:25', '2021-09-07 06:10:25'),
(273, 5, 1, 2, -13, '2021-09-07 06:10:25', '2021-09-07 06:10:25'),
(274, 1, 2, 2, -3, '2021-09-07 06:10:25', '2021-09-07 06:10:25'),
(275, 2, 2, 2, -11, '2021-09-07 06:10:25', '2021-09-07 06:10:25'),
(276, 3, 2, 2, -21, '2021-09-07 06:10:26', '2021-09-07 06:10:26'),
(277, 4, 2, 2, -11, '2021-09-07 06:10:26', '2021-09-07 06:10:26'),
(278, 5, 2, 2, -2, '2021-09-07 06:10:26', '2021-09-07 06:10:26'),
(279, 6, 1, 2, -11, '2021-09-07 07:26:07', '2021-09-07 07:26:07'),
(280, 6, 2, 2, -3, '2021-10-07 07:26:07', '2021-10-07 07:26:07'),
(281, 6, 1, 2, -31, '2021-10-07 07:26:52', '2021-10-07 07:26:52'),
(282, 6, 2, 2, -32, '2021-10-07 07:27:48', '2021-10-07 07:27:48'),
(283, 1, 1, 2, -23, '2021-10-07 06:10:25', '2021-10-07 06:10:25'),
(284, 2, 1, 2, -12, '2021-10-07 06:10:25', '2021-10-07 06:10:25'),
(285, 3, 1, 2, -13, '2021-10-07 06:10:25', '2021-10-07 06:10:25'),
(286, 4, 1, 2, -12, '2021-10-07 06:10:25', '2021-10-07 06:10:25'),
(287, 5, 1, 2, -11, '2021-10-07 06:10:25', '2021-10-07 06:10:25'),
(288, 1, 2, 2, -12, '2021-11-07 06:10:25', '2021-11-07 06:10:25'),
(289, 2, 2, 2, -12, '2021-11-07 06:10:25', '2021-11-07 06:10:25'),
(290, 3, 2, 2, -22, '2021-11-07 06:10:26', '2021-11-07 06:10:26'),
(291, 4, 2, 2, -23, '2021-11-07 06:10:26', '2021-11-07 06:10:26'),
(292, 5, 2, 2, -25, '2021-11-07 06:10:26', '2021-11-07 06:10:26'),
(293, 6, 1, 2, -22, '2021-11-07 07:26:07', '2021-11-07 07:26:07'),
(294, 6, 2, 2, -13, '2021-11-07 07:26:07', '2021-11-07 07:26:07'),
(295, 6, 1, 2, -13, '2021-12-07 07:26:52', '2021-12-07 07:26:52'),
(296, 6, 2, 2, -13, '2021-12-07 07:27:48', '2021-12-07 07:27:48'),
(297, 3, 2, 2, -15, '2021-12-07 06:10:26', '2021-12-07 06:10:26'),
(298, 4, 2, 2, -22, '2021-12-07 06:10:26', '2021-12-07 06:10:26'),
(299, 5, 2, 2, -21, '2021-12-07 06:10:26', '2021-12-07 06:10:26'),
(300, 6, 1, 2, -21, '2021-12-07 07:26:07', '2021-12-07 07:26:07'),
(301, 1, 1, 2, 25, '2022-01-07 06:10:25', '2022-01-07 06:10:25'),
(302, 2, 1, 2, 12, '2022-01-07 06:10:25', '2022-01-07 06:10:25'),
(303, 3, 1, 2, 30, '2022-01-07 06:10:25', '2022-01-07 06:10:25'),
(304, 4, 1, 2, 20, '2022-01-07 06:10:25', '2022-01-07 06:10:25'),
(305, 5, 1, 2, 15, '2022-01-07 06:10:25', '2022-01-07 06:10:25'),
(306, 1, 2, 2, 20, '2022-01-07 06:10:25', '2022-01-07 06:10:25'),
(307, 2, 2, 2, 10, '2022-01-07 06:10:25', '2022-01-07 06:10:25'),
(308, 3, 2, 2, 25, '2022-01-07 06:10:26', '2022-01-07 06:10:26'),
(309, 4, 2, 2, 5, '2022-01-07 06:10:26', '2022-01-07 06:10:26'),
(310, 5, 2, 2, 50, '2022-01-07 06:10:26', '2022-01-07 06:10:26'),
(311, 6, 1, 2, 12, '2022-01-07 07:26:07', '2022-01-07 07:26:07'),
(312, 6, 2, 2, 13, '2022-01-07 07:26:07', '2022-01-07 07:26:07'),
(313, 6, 1, 2, 3, '2022-01-07 07:26:52', '2022-01-07 07:26:52'),
(314, 6, 2, 2, 3, '2022-01-07 07:27:48', '2022-01-07 07:27:48'),
(315, 1, 1, 2, 25, '2022-01-07 06:10:25', '2022-01-07 06:10:25'),
(316, 2, 1, 2, 12, '2022-02-07 06:10:25', '2022-02-07 06:10:25'),
(317, 3, 1, 2, 30, '2022-02-07 06:10:25', '2022-02-07 06:10:25'),
(318, 4, 1, 2, 20, '2022-02-07 06:10:25', '2022-02-07 06:10:25'),
(319, 5, 1, 2, 15, '2022-02-07 06:10:25', '2022-02-07 06:10:25'),
(320, 1, 2, 2, 20, '2022-02-07 06:10:25', '2022-02-07 06:10:25'),
(321, 2, 2, 2, 10, '2022-02-07 06:10:25', '2022-02-07 06:10:25'),
(322, 3, 2, 2, 25, '2022-02-07 06:10:26', '2022-02-07 06:10:26'),
(323, 4, 2, 2, 5, '2022-02-07 06:10:26', '2022-02-07 06:10:26'),
(324, 5, 2, 2, 50, '2022-02-07 06:10:26', '2022-02-07 06:10:26'),
(325, 6, 1, 2, 12, '2022-02-07 07:26:07', '2022-02-07 07:26:07'),
(326, 6, 2, 2, 13, '2022-02-07 07:26:07', '2022-02-07 07:26:07'),
(327, 6, 1, 2, 3, '2022-02-07 07:26:52', '2022-02-07 07:26:52'),
(328, 6, 2, 2, 3, '2022-02-07 07:27:48', '2022-02-07 07:27:48'),
(329, 1, 1, 2, 25, '2022-02-07 06:10:25', '2022-02-07 06:10:25'),
(330, 2, 1, 2, 12, '2022-03-07 06:10:25', '2022-03-07 06:10:25'),
(331, 3, 1, 2, 30, '2022-03-07 06:10:25', '2022-03-07 06:10:25'),
(332, 4, 1, 2, 20, '2022-03-07 06:10:25', '2022-03-07 06:10:25'),
(333, 5, 1, 2, 15, '2022-03-07 06:10:25', '2022-03-07 06:10:25'),
(334, 1, 2, 2, 20, '2022-03-07 06:10:25', '2022-03-07 06:10:25'),
(335, 2, 2, 2, 10, '2022-03-07 06:10:25', '2022-03-07 06:10:25'),
(336, 3, 2, 2, 25, '2022-03-07 06:10:26', '2022-03-07 06:10:26'),
(337, 4, 2, 2, 5, '2022-03-07 06:10:26', '2022-03-07 06:10:26'),
(338, 5, 2, 2, 50, '2022-03-07 06:10:26', '2022-03-07 06:10:26'),
(339, 6, 1, 2, 12, '2022-03-07 07:26:07', '2022-03-07 07:26:07'),
(340, 6, 2, 2, 13, '2022-03-07 07:26:07', '2022-03-07 07:26:07'),
(341, 6, 1, 2, 3, '2022-03-07 07:26:52', '2022-03-07 07:26:52'),
(342, 6, 2, 2, 3, '2022-03-07 07:27:48', '2022-03-07 07:27:48'),
(343, 1, 1, 2, 25, '2022-03-07 06:10:25', '2022-03-07 06:10:25'),
(344, 2, 1, 2, 12, '2022-04-07 06:10:25', '2022-04-07 06:10:25'),
(345, 3, 1, 2, 30, '2022-04-07 06:10:25', '2022-04-07 06:10:25'),
(346, 4, 1, 2, 20, '2022-04-07 06:10:25', '2022-04-07 06:10:25'),
(347, 5, 1, 2, 15, '2022-04-07 06:10:25', '2022-04-07 06:10:25'),
(348, 1, 2, 2, 20, '2022-04-07 06:10:25', '2022-04-07 06:10:25'),
(349, 2, 2, 2, 10, '2022-04-07 06:10:25', '2022-04-07 06:10:25'),
(350, 3, 2, 2, 25, '2022-04-07 06:10:26', '2022-04-07 06:10:26'),
(351, 4, 2, 2, 5, '2022-04-07 06:10:26', '2022-04-07 06:10:26'),
(352, 5, 2, 2, 50, '2022-04-07 06:10:26', '2022-04-07 06:10:26'),
(353, 6, 1, 2, 12, '2022-04-07 07:26:07', '2022-04-07 07:26:07'),
(354, 6, 2, 2, 13, '2022-04-07 07:26:07', '2022-04-07 07:26:07'),
(355, 6, 1, 2, 3, '2022-04-07 07:26:52', '2022-04-07 07:26:52'),
(356, 6, 2, 2, 3, '2022-04-07 07:27:48', '2022-04-07 07:27:48'),
(357, 1, 1, 2, 25, '2022-04-07 06:10:25', '2022-04-07 06:10:25'),
(358, 2, 1, 2, 12, '2022-05-07 06:10:25', '2022-05-07 06:10:25'),
(359, 3, 1, 2, 30, '2022-05-07 06:10:25', '2022-05-07 06:10:25'),
(360, 4, 1, 2, 20, '2022-05-07 06:10:25', '2022-05-07 06:10:25'),
(361, 5, 1, 2, 15, '2022-05-07 06:10:25', '2022-05-07 06:10:25'),
(362, 1, 2, 2, 20, '2022-05-07 06:10:25', '2022-05-07 06:10:25'),
(363, 2, 2, 2, 10, '2022-05-07 06:10:25', '2022-05-07 06:10:25'),
(364, 3, 2, 2, 25, '2022-05-07 06:10:26', '2022-05-07 06:10:26'),
(365, 4, 2, 2, 5, '2022-05-07 06:10:26', '2022-05-07 06:10:26'),
(366, 5, 2, 2, 50, '2022-05-07 06:10:26', '2022-05-07 06:10:26'),
(367, 6, 1, 2, 12, '2022-05-07 07:26:07', '2022-05-07 07:26:07'),
(368, 6, 2, 2, 13, '2022-05-07 07:26:07', '2022-05-07 07:26:07'),
(369, 6, 1, 2, 3, '2022-05-07 07:26:52', '2022-05-07 07:26:52'),
(370, 6, 2, 2, 3, '2022-05-07 07:27:48', '2022-05-07 07:27:48'),
(371, 1, 1, 2, 25, '2022-05-07 06:10:25', '2022-05-07 06:10:25'),
(372, 2, 1, 2, -11, '2022-01-07 01:10:25', '2022-01-07 01:10:25'),
(373, 3, 1, 2, -22, '2022-01-07 01:10:25', '2022-01-07 01:10:25'),
(374, 4, 1, 2, -22, '2022-01-07 01:10:25', '2022-01-07 01:10:25'),
(375, 5, 1, 2, -12, '2022-01-07 01:10:25', '2022-01-07 01:10:25'),
(376, 1, 2, 2, -28, '2022-01-07 01:10:25', '2022-01-07 01:10:25'),
(377, 2, 2, 2, -18, '2022-01-07 01:10:25', '2022-01-07 01:10:25'),
(378, 3, 2, 2, -26, '2022-01-07 01:10:26', '2022-01-07 01:10:26'),
(379, 4, 2, 2, -24, '2022-01-07 01:10:26', '2022-01-07 01:10:26'),
(380, 5, 2, 2, -16, '2022-01-07 06:10:26', '2022-01-07 06:10:26'),
(381, 6, 1, 2, -11, '2022-02-07 07:26:07', '2022-02-07 07:26:07'),
(382, 6, 2, 2, -11, '2022-02-07 07:26:07', '2022-02-07 07:26:07'),
(383, 6, 1, 2, -32, '2022-02-07 07:26:52', '2022-02-07 07:26:52'),
(384, 6, 2, 2, -22, '2022-02-07 07:27:48', '2022-02-07 07:27:48'),
(385, 1, 1, 2, -22, '2022-02-07 02:10:25', '2022-02-07 02:10:25'),
(386, 2, 1, 2, -12, '2022-02-02 02:10:25', '2022-02-02 02:10:25'),
(387, 3, 1, 2, -31, '2022-02-02 02:10:25', '2022-02-02 02:10:25'),
(388, 4, 1, 2, -21, '2022-02-02 06:10:25', '2022-07-07 06:10:25'),
(389, 5, 1, 2, -11, '2022-03-03 06:10:25', '2022-03-03 06:10:25'),
(390, 1, 2, 2, -22, '2022-03-03 06:10:25', '2022-03-03 06:10:25'),
(391, 2, 2, 2, -13, '2022-03-03 06:10:25', '2022-03-03 06:10:25'),
(392, 3, 2, 2, -25, '2022-03-03 06:10:26', '2022-03-03 06:10:26'),
(393, 4, 2, 2, -15, '2022-03-03 06:10:26', '2022-03-03 06:10:26'),
(394, 5, 2, 2, -15, '2022-03-03 06:10:26', '2022-03-03 06:10:26'),
(395, 6, 1, 2, -11, '2022-04-04 04:26:04', '2022-04-04 04:26:04'),
(396, 6, 2, 2, -31, '2022-04-04 04:26:04', '2022-04-04 04:26:04'),
(397, 6, 1, 2, -22, '2022-04-04 04:26:52', '2022-04-04 04:26:52'),
(398, 6, 2, 2, -11, '2022-04-04 04:27:48', '2022-04-04 04:27:48'),
(399, 1, 1, 2, -21, '2022-04-04 06:10:25', '2022-04-04 06:10:25'),
(400, 2, 1, 2, -22, '2022-04-04 06:10:25', '2022-04-04 06:10:25'),
(401, 5, 2, 2, -22, '2022-05-05 06:10:26', '2022-05-05 06:10:26'),
(402, 6, 1, 2, -26, '2022-05-05 05:26:05', '2022-05-05 05:26:05'),
(403, 6, 2, 2, -3, '2022-05-05 05:26:05', '2022-05-05 05:26:05'),
(404, 6, 1, 2, -12, '2022-05-05 05:26:52', '2022-05-05 05:26:52'),
(405, 6, 2, 2, -13, '2022-05-05 05:27:48', '2022-05-05 05:27:48'),
(406, 1, 1, 2, -21, '2022-05-05 06:10:25', '2022-05-05 06:10:25'),
(407, 2, 1, 2, -22, '2022-05-05 06:10:25', '2022-05-05 06:10:25');


INSERT INTO `bahan_baku` (`id`, `namaBahan`) VALUES
(1, 'Biji Kopi Arabika'),
(2, 'Biji Kopi Robusta'),
(3, 'Biji Kopi Liberika'), 
(4, 'Biji Kopi Americano'), 
(5, 'Biji Kopi Cappuchino'), 
(6, 'Biji Kopi Latte'),
(7, 'Gula Pasir'),
(8, 'Susu'),
(9, 'Cream'),
(10, 'Air Galon'), 
(11, 'Sirup Caramel'), 
(12, 'Cangkir'), 
(13, 'Gelas Plastik'), 
(14, 'Sendok'),
(15, 'Sedotan'), 
(16, 'Es Batu');

INSERT INTO `detail_bahan_baku` (`id`, `idBahan`, `kuantitas`, `hargaSatuan`, `type_id`, `created_at`, `updated_at`, `keterangan`) VALUES
(1, 1, 25, 165000, 2, '2022-01-01 15:44:51', '2022-01-01 15:44:51', 'Lorem ipsum, dolor sit amet consectetur adipisicing elit.'),
(2, 7, 3, 15000, 2, '2022-01-01 15:44:51', '2022-01-01 15:44:51', 'Lorem ipsum, dolor sit amet consectetur adipisicing elit.'),
(3, 8, 2, 12000, 2, '2022-01-03 15:44:51', '2022-01-04 15:44:51', 'Lorem ipsum, dolor sit amet consectetur adipisicing elit.'),
(4, 9, 2, 30000, 2, '2022-01-03 15:44:51', '2022-01-03 15:44:51', 'Lorem ipsum, dolor sit amet consectetur adipisicing elit.'),
(5, 10, 1, 20000, 2, '2022-01-04 15:44:51', '2022-01-04 15:44:51', 'Lorem ipsum, dolor sit amet consectetur adipisicing elit.'),
(6, 16, 3, 3000, 2, '2022-01-09 15:44:51', '2022-01-10 15:44:51', 'Lorem ipsum, dolor sit amet consectetur adipisicing elit.'),
(7, 2, 15, 200000, 2, '2022-01-11 15:44:51', '2022-01-11 15:44:51', 'Lorem ipsum, dolor sit amet consectetur adipisicing elit.'),
(8, 7, 1, 15000, 2, '2022-01-12 15:44:51', '2022-01-15 15:44:51', 'Lorem ipsum, dolor sit amet consectetur adipisicing elit.'),
(9, 8, 1, 12000, 2, '2022-01-13 15:44:51', '2022-01-15 15:44:51', 'Lorem ipsum, dolor sit amet consectetur adipisicing elit.'),
(10, 9, 4, 30000, 2, '2022-01-13 15:44:51', '2022-01-15 15:44:51', 'Lorem ipsum, dolor sit amet consectetur adipisicing elit.'),
(11, 10, 3, 20000, 2, '2022-01-14 15:44:51', '2022-01-20 15:44:51', 'Lorem ipsum, dolor sit amet consectetur adipisicing elit.'),
(12, 16, 5, 3000, 2, '2022-01-17 15:44:51', '2022-01-17 15:44:51', 'Lorem ipsum, dolor sit amet consectetur adipisicing elit.'),
(13, 15, 5, 15000, 2, '2022-01-19 15:44:51', '2022-01-19 15:44:51', 'Lorem ipsum, dolor sit amet consectetur adipisicing elit.'),
(14, 11, 3, 80000, 2, '2022-01-19 15:44:51', '2022-01-19 15:44:51', 'Lorem ipsum, dolor sit amet consectetur adipisicing elit.'),
(15, 3, 25, 220000, 2, '2022-01-21 15:44:51', '2022-01-21 15:44:51', 'Lorem ipsum, dolor sit amet consectetur adipisicing elit.'),
(16, 7, 1, 15000, 2, '2022-01-21 15:44:51', '2022-01-21 15:44:51', 'Lorem ipsum, dolor sit amet consectetur adipisicing elit.'),
(17, 8, 3, 12000, 2, '2022-01-22 15:44:51', '2022-01-22 15:44:51', 'Lorem ipsum, dolor sit amet consectetur adipisicing elit.'),
(18, 9, 2, 30000, 2, '2022-01-25 15:44:51', '2022-01-25 15:44:51', 'Lorem ipsum, dolor sit amet consectetur adipisicing elit.'),
(19, 10, 2, 20000, 2, '2022-01-27 15:44:51', '2022-01-27 15:44:51', 'Lorem ipsum, dolor sit amet consectetur adipisicing elit.'),
(20, 12, 2, 100000, 2, '2022-01-29 15:44:51', '2022-01-29 15:44:51', 'Lorem ipsum, dolor sit amet consectetur adipisicing elit.'),
(21, 16, 4, 3000, 2, '2022-01-30 15:44:51', '2022-01-30 15:44:51', 'Lorem ipsum, dolor sit amet consectetur adipisicing elit.'),
(22, 4, 20, 350000, 2, '2022-02-02 15:44:51', '2022-02-02 15:44:51', 'Lorem ipsum, dolor sit amet consectetur adipisicing elit.'),
(23, 7, 3, 15000, 2, '2022-02-02 15:44:51', '2022-02-02 15:44:51', 'Lorem ipsum, dolor sit amet consectetur adipisicing elit.'),
(24, 8, 2, 12000, 2, '2022-02-04 15:44:51', '2022-02-04 15:44:51', 'Lorem ipsum, dolor sit amet consectetur adipisicing elit.'),
(25, 9, 2, 30000, 2, '2022-02-07 15:44:51', '2022-02-07 15:44:51', 'Lorem ipsum, dolor sit amet consectetur adipisicing elit.'),
(26, 10, 1, 20000, 2, '2022-02-07 15:44:51', '2022-02-07 15:44:51', 'Lorem ipsum, dolor sit amet consectetur adipisicing elit.'),
(27, 13, 2, 50000, 2, '2022-02-08 15:44:51', '2022-02-08 15:44:51', 'Lorem ipsum, dolor sit amet consectetur adipisicing elit.'),
(28, 16, 3, 3000, 2, '2022-02-10 15:44:51', '2022-02-10 15:44:51', 'Lorem ipsum, dolor sit amet consectetur adipisicing elit.'),
(29, 5, 25, 100000, 2, '2022-02-11 15:44:51', '2022-02-11 15:44:51', 'Lorem ipsum, dolor sit amet consectetur adipisicing elit.'),
(30, 1, 15, 165000, 2, '2022-02-11 15:44:51', '2022-02-11 15:44:51', 'Lorem ipsum, dolor sit amet consectetur adipisicing elit.'),
(31, 7, 3, 15000, 2, '2022-02-12 15:44:51', '2022-02-12 15:44:51', 'Lorem ipsum, dolor sit amet consectetur adipisicing elit.'),
(32, 8, 2, 12000, 2, '2022-02-15 15:44:51', '2022-02-15 15:44:51', 'Lorem ipsum, dolor sit amet consectetur adipisicing elit.'),
(33, 9, 1, 30000, 2, '2022-02-17 15:44:51', '2022-02-07 15:44:51', 'Lorem ipsum, dolor sit amet consectetur adipisicing elit.'),
(34, 10, 2, 20000, 2, '2022-02-20 15:44:51', '2022-02-20 15:44:51', 'Lorem ipsum, dolor sit amet consectetur adipisicing elit.'),
(35, 16, 2, 3000, 2, '2022-02-20 15:44:51', '2022-02-20 15:44:51', 'Lorem ipsum, dolor sit amet consectetur adipisicing elit.'),
(36, 6, 15, 120000, 2, '2022-02-23 15:44:51', '2022-02-23 15:44:51', 'Lorem ipsum, dolor sit amet consectetur adipisicing elit.'),
(37, 7, 3, 15000, 2, '2022-02-23 15:44:51', '2022-02-23 15:44:51', 'Lorem ipsum, dolor sit amet consectetur adipisicing elit.'),
(38, 8, 2, 12000, 2, '2022-02-24 15:44:51', '2022-02-24 15:44:51', 'Lorem ipsum, dolor sit amet consectetur adipisicing elit.'),
(39, 9, 2, 30000, 2, '2022-02-25 15:44:51', '2022-02-25 15:44:51', 'Lorem ipsum, dolor sit amet consectetur adipisicing elit.'),
(40, 10, 1, 20000, 2, '2022-02-26 15:44:51', '2022-02-26 15:44:51', 'Lorem ipsum, dolor sit amet consectetur adipisicing elit.'),
(41, 16, 3, 3000, 2, '2022-02-27 15:44:51', '2022-02-27 15:44:51', 'Lorem ipsum, dolor sit amet consectetur adipisicing elit.'),
(42, 2, 25, 200000, 2, '2022-03-01 15:44:51', '2022-03-01 15:44:51', 'Lorem ipsum, dolor sit amet consectetur adipisicing elit.'),
(43, 7, 3, 15000, 2, '2022-03-02 15:44:51', '2022-03-02 15:44:51', 'Lorem ipsum, dolor sit amet consectetur adipisicing elit.'),
(44, 8, 2, 12000, 2, '2022-03-03 15:44:51', '2022-03-03 15:44:51', 'Lorem ipsum, dolor sit amet consectetur adipisicing elit.'),
(45, 9, 2, 30000, 2, '2022-03-03 15:44:51', '2022-03-03 15:44:51', 'Lorem ipsum, dolor sit amet consectetur adipisicing elit.'),
(46, 10, 1, 20000, 2, '2022-03-04 15:44:51', '2022-03-04 15:44:51', 'Lorem ipsum, dolor sit amet consectetur adipisicing elit.'),
(47, 16, 3, 3000, 2, '2022-03-07 15:44:51', '2022-03-07 15:44:51', 'Lorem ipsum, dolor sit amet consectetur adipisicing elit.'),
(48, 3, 3, 220000, 2, '2022-03-09 15:44:51', '2022-03-09 15:44:51', 'Lorem ipsum, dolor sit amet consectetur adipisicing elit.'),
(49, 11, 3, 80000, 2, '2022-03-10 15:44:51', '2022-03-10 15:44:51', 'Lorem ipsum, dolor sit amet consectetur adipisicing elit.'),
(50, 5, 25, 100000, 2, '2022-03-11 15:44:51', '2022-03-11 15:44:51', 'Lorem ipsum, dolor sit amet consectetur adipisicing elit.'),
(51, 7, 2, 15000, 2, '2022-03-12 15:44:51', '2022-03-12 15:44:51', 'Lorem ipsum, dolor sit amet consectetur adipisicing elit.'),
(52, 8, 3, 12000, 2, '2022-03-12 15:44:51', '2022-03-12 15:44:51', 'Lorem ipsum, dolor sit amet consectetur adipisicing elit.'),
(53, 9, 1, 30000, 2, '2022-03-12 15:44:51', '2022-03-12 15:44:51', 'Lorem ipsum, dolor sit amet consectetur adipisicing elit.'),
(54, 10, 1, 20000, 2, '2022-03-16 15:44:51', '2022-03-16 15:44:51', 'Lorem ipsum, dolor sit amet consectetur adipisicing elit.'),
(55, 16, 6, 3000, 2, '2022-03-19 15:44:51', '2022-03-19 15:44:51', 'Lorem ipsum, dolor sit amet consectetur adipisicing elit.'),
(56, 15, 6, 15000, 2, '2022-03-20 15:44:51', '2022-03-20 15:44:51', 'Lorem ipsum, dolor sit amet consectetur adipisicing elit.'),
(57, 4, 25, 350000, 2, '2022-03-21 15:44:51', '2022-03-21 15:44:51', 'Lorem ipsum, dolor sit amet consectetur adipisicing elit.'),
(58, 7, 3, 15000, 2, '2022-03-22 15:44:51', '2022-03-22 15:44:51', 'Lorem ipsum, dolor sit amet consectetur adipisicing elit.'),
(59, 8, 2, 12000, 2, '2022-03-27 15:44:51', '2022-03-27 15:44:51', 'Lorem ipsum, dolor sit amet consectetur adipisicing elit.'),
(60, 9, 4, 30000, 2, '2022-03-28 15:44:51', '2022-03-28 15:44:51', 'Lorem ipsum, dolor sit amet consectetur adipisicing elit.'),
(61, 10, 2, 20000, 2, '2022-03-29 15:44:51', '2022-03-29 15:44:51', 'Lorem ipsum, dolor sit amet consectetur adipisicing elit.'),
(62, 16, 2, 3000, 2, '2022-03-29 15:44:51', '2022-03-29 15:44:51', 'Lorem ipsum, dolor sit amet consectetur adipisicing elit.'),
(63, 6, 25, 120000, 2, '2022-04-02 15:44:51', '2022-04-02 15:44:51', 'Lorem ipsum, dolor sit amet consectetur adipisicing elit.'),
(64, 2, 25, 200000, 2, '2022-04-04 15:44:51', '2022-04-04 15:44:51', 'Lorem ipsum, dolor sit amet consectetur adipisicing elit.'),
(65, 7, 3, 15000, 2, '2022-04-05 15:44:51', '2022-04-05 15:44:51', 'Lorem ipsum, dolor sit amet consectetur adipisicing elit.'),
(66, 8, 2, 12000, 2, '2022-04-07 15:44:51', '2022-04-07 15:44:51', 'Lorem ipsum, dolor sit amet consectetur adipisicing elit.'),
(67, 9, 2, 30000, 2, '2022-04-08 15:44:51', '2022-04-08 15:44:51', 'Lorem ipsum, dolor sit amet consectetur adipisicing elit.'),
(68, 10, 1, 20000, 2, '2022-04-08 15:44:51', '2022-04-08 15:44:51', 'Lorem ipsum, dolor sit amet consectetur adipisicing elit.'),
(69, 16, 3, 3000, 2, '2022-04-09 15:44:51', '2022-04-09 15:44:51', 'Lorem ipsum, dolor sit amet consectetur adipisicing elit.'),
(70, 13, 5, 50000, 2, '2022-04-10 15:44:51', '2022-04-10 15:44:51', 'Lorem ipsum, dolor sit amet consectetur adipisicing elit.'),
(71, 12, 2, 100000, 2, '2022-04-11 15:44:51', '2022-04-11 15:44:51', 'Lorem ipsum, dolor sit amet consectetur adipisicing elit.'),
(72, 7, 5, 15000, 2, '2022-04-12 15:44:51', '2022-04-12 15:44:51', 'Lorem ipsum, dolor sit amet consectetur adipisicing elit.'),
(73, 8, 1, 12000, 2, '2022-04-12 15:44:51', '2022-04-12 15:44:51', 'Lorem ipsum, dolor sit amet consectetur adipisicing elit.'),
(74, 9, 4, 30000, 2, '2022-04-12 15:44:51', '2022-04-12 15:44:51', 'Lorem ipsum, dolor sit amet consectetur adipisicing elit.'),
(75, 10, 1, 20000, 2, '2022-04-12 15:44:51', '2022-04-12 15:44:51', 'Lorem ipsum, dolor sit amet consectetur adipisicing elit.'),
(76, 16, 6, 3000, 2, '2022-04-12 15:44:51', '2022-04-12 15:44:51', 'Lorem ipsum, dolor sit amet consectetur adipisicing elit.'),
(77, 1, 25, 165000, 2, '2022-04-19 15:44:51', '2022-04-19 15:44:51', 'Lorem ipsum, dolor sit amet consectetur adipisicing elit.'),
(78, 3, 30, 220000, 2, '2022-04-19 15:44:51', '2022-04-19 15:44:51', 'Lorem ipsum, dolor sit amet consectetur adipisicing elit.'),
(79, 8, 2, 12000, 2, '2022-04-23 15:44:51', '2022-04-23 15:44:51', 'Lorem ipsum, dolor sit amet consectetur adipisicing elit.'),
(80, 9, 2, 30000, 2, '2022-04-24 15:44:51', '2022-04-24 15:44:51', 'Lorem ipsum, dolor sit amet consectetur adipisicing elit.'),
(81, 10, 1, 20000, 2, '2022-04-25 15:44:51', '2022-04-25 15:44:51', 'Lorem ipsum, dolor sit amet consectetur adipisicing elit.'),
(82, 11, 1, 80000, 2, '2022-04-26 15:44:51', '2022-04-26 15:44:51', 'Lorem ipsum, dolor sit amet consectetur adipisicing elit.'),
(83, 15, 1, 15000, 2, '2022-04-29 15:44:51', '2022-04-29 15:44:51', 'Lorem ipsum, dolor sit amet consectetur adipisicing elit.'),
(84, 16, 3, 3000, 2, '2022-04-29 15:44:51', '2022-04-29 15:44:51', 'Lorem ipsum, dolor sit amet consectetur adipisicing elit.'),
(85, 5, 10, 100000, 2, '2022-05-05 15:44:51', '2022-05-05 15:44:51', 'Lorem ipsum, dolor sit amet consectetur adipisicing elit.'),
(86, 7, 3, 15000, 2, '2022-05-05 15:44:51', '2022-05-05 15:44:51', 'Lorem ipsum, dolor sit amet consectetur adipisicing elit.'),
(87, 8, 2, 12000, 2, '2022-05-05 15:44:51', '2022-05-05 15:44:51', 'Lorem ipsum, dolor sit amet consectetur adipisicing elit.'),
(88, 9, 2, 30000, 2, '2022-05-06 15:44:51', '2022-05-06 15:44:51', 'Lorem ipsum, dolor sit amet consectetur adipisicing elit.'),
(89, 10, 1, 20000, 2, '2022-05-09 15:44:51', '2022-05-09 15:44:51', 'Lorem ipsum, dolor sit amet consectetur adipisicing elit.'),
(90, 16, 3, 3000, 2, '2022-05-10 15:44:51', '2022-05-10 15:44:51', 'Lorem ipsum, dolor sit amet consectetur adipisicing elit.'),
(91, 4, 10, 350000, 2, '2022-05-11 15:44:51', '2022-05-11 15:44:51', 'Lorem ipsum, dolor sit amet consectetur adipisicing elit.'),
(92, 7, 2, 15000, 2, '2022-05-12 15:44:51', '2022-05-12 15:44:51', 'Lorem ipsum, dolor sit amet consectetur adipisicing elit.'),
(93, 8, 3, 12000, 2, '2022-05-13 15:44:51', '2022-05-13 15:44:51', 'Lorem ipsum, dolor sit amet consectetur adipisicing elit.'),
(94, 9, 1, 30000, 2, '2022-05-13 15:44:51', '2022-05-15 15:44:51', 'Lorem ipsum, dolor sit amet consectetur adipisicing elit.'),
(95, 10, 2, 20000, 2, '2022-05-15 15:44:51', '2022-05-15 15:44:51', 'Lorem ipsum, dolor sit amet consectetur adipisicing elit.'),
(96, 16, 6, 3000, 2, '2022-05-19 15:44:51', '2022-05-19 15:44:51', 'Lorem ipsum, dolor sit amet consectetur adipisicing elit.'),
(97, 6, 15, 120000, 2, '2022-05-20 15:44:51', '2022-05-20 15:44:51', 'Lorem ipsum, dolor sit amet consectetur adipisicing elit.'),
(98, 1, 25, 165000, 2, '2022-05-21 15:44:51', '2022-05-21 15:44:51', 'Lorem ipsum, dolor sit amet consectetur adipisicing elit.'),
(99, 7, 3, 15000, 2, '2022-05-21 15:44:51', '2022-05-21 15:44:51', 'Lorem ipsum, dolor sit amet consectetur adipisicing elit.'),
(100, 8, 2, 12000, 2, '2022-05-23 15:44:51', '2022-05-23 15:44:51', 'Lorem ipsum, dolor sit amet consectetur adipisicing elit.'),
(101, 9, 2, 30000, 2, '2022-05-24 15:44:51', '2022-05-24 15:44:51', 'Lorem ipsum, dolor sit amet consectetur adipisicing elit.'),
(102, 10, 1, 20000, 2, '2022-05-25 15:44:51', '2022-05-25 15:44:51', 'Lorem ipsum, dolor sit amet consectetur adipisicing elit.'),
(103, 16, 3, 3000, 2, '2022-05-27 15:44:51', '2022-05-27 15:44:51', 'Lorem ipsum, dolor sit amet consectetur adipisicing elit.'),
(104, 13, 1, 50000, 2, '2022-05-27 15:44:51', '2022-05-27 15:44:51', 'Lorem ipsum, dolor sit amet consectetur adipisicing elit.'),
(105, 15, 4, 15000, 2, '2022-05-29 15:44:51', '2022-05-29 15:44:51', 'Lorem ipsum, dolor sit amet consectetur adipisicing elit.');
